{
    "loss": 0.787185549736023,
    "accuracy": 0.8956742882728577
}