{
    "loss": 0.7423827052116394,
    "accuracy": 0.9033079147338867
}